Protein_Change	Mutation_Type	Mutation_Class	AA_Position
G8V	Missense_Mutation	Missense	8
G11S	Missense_Mutation	Missense	11
P25L	Missense_Mutation	Missense	25
A27T	Missense_Mutation	Missense	27
A27Rfs*20	Frame_Shift_Del	Truncating	27
G30Pfs*21	Frame_Shift_Del	Truncating	30
A31T	Missense_Mutation	Missense	31
A33T	Missense_Mutation	Missense	33
A33V	Missense_Mutation	Missense	33
D40Y	Missense_Mutation	Missense	40
E45K	Missense_Mutation	Missense	45
L65M	Missense_Mutation	Missense	65
G69S	Missense_Mutation	Missense	69
F109I	Missense_Mutation	Missense	109
S116P	Missense_Mutation	Missense	116
M117L	Missense_Mutation	Missense	117
T121I	Missense_Mutation	Missense	121
S122Y	Missense_Mutation	Missense	122
S125F	Missense_Mutation	Missense	125
S134F	Missense_Mutation	Missense	134
S136P	Missense_Mutation	Missense	136
S151A	Missense_Mutation	Missense	151
P155Tfs*4	Frame_Shift_Ins	Truncating	155
P162S	Missense_Mutation	Missense	162
V168L	Missense_Mutation	Missense	168
K183*	Nonsense_Mutation	Truncating	183
G189C	Missense_Mutation	Missense	189
Q201H	Missense_Mutation	Missense	201
K205N	Missense_Mutation	Missense	205
T233P	Missense_Mutation	Missense	233
N236K	Missense_Mutation	Missense	236
X237_splice	Splice_Site	Truncating	237
X238_splice	Splice_Site	Truncating	238
R239Q	Missense_Mutation	Missense	239
T241M	Missense_Mutation	Missense	241
F247L	Missense_Mutation	Missense	247
R252Q	Missense_Mutation	Missense	252
Q257H	Missense_Mutation	Missense	257
R271H	Missense_Mutation	Missense	271
P277Hfs*2	Frame_Shift_Del	Truncating	277
Q285Tfs*3	Frame_Shift_Ins	Truncating	285
F294L	Missense_Mutation	Missense	294
Q302R	Missense_Mutation	Missense	302
T310I	Missense_Mutation	Missense	310
L312P	Missense_Mutation	Missense	312
P318L	Missense_Mutation	Missense	318
P321L	Missense_Mutation	Missense	321
L331F	Missense_Mutation	Missense	331
T332I	Missense_Mutation	Missense	332
P341T	Missense_Mutation	Missense	341
P343L	Missense_Mutation	Missense	343
P345L	Missense_Mutation	Missense	345
D352H	Missense_Mutation	Missense	352
D352Y	Missense_Mutation	Missense	352
R354Q	Missense_Mutation	Missense	354
R354*	Nonsense_Mutation	Truncating	354
Q356K	Missense_Mutation	Missense	356
R360*	Nonsense_Mutation	Truncating	360
R360Q	Missense_Mutation	Missense	360
R362L	Missense_Mutation	Missense	362
S363F	Missense_Mutation	Missense	363
S363F	Missense_Mutation	Missense	363
P367S	Missense_Mutation	Missense	367
P367L	Missense_Mutation	Missense	367
L382F	Missense_Mutation	Missense	382
D385N	Missense_Mutation	Missense	385
R389C	Missense_Mutation	Missense	389
P403Lfs*8	Frame_Shift_Del	Truncating	403
P403Lfs*8	Frame_Shift_Del	Truncating	403
P403Lfs*8	Frame_Shift_Del	Truncating	403
P403L	Missense_Mutation	Missense	403
A404Cfs*9	Frame_Shift_Ins	Truncating	404
A404Cfs*9	Frame_Shift_Ins	Truncating	404
A404Cfs*9	Frame_Shift_Ins	Truncating	404
A404Cfs*9	Frame_Shift_Ins	Truncating	404
A404Cfs*9	Frame_Shift_Ins	Truncating	404
N412S	Missense_Mutation	Missense	412
P422A	Missense_Mutation	Missense	422
S428L	Missense_Mutation	Missense	428
V459L	Missense_Mutation	Missense	459
G464R	Missense_Mutation	Missense	464
G464E	Missense_Mutation	Missense	464
G464V	Missense_Mutation	Missense	464
G464V	Missense_Mutation	Missense	464
G466E	Missense_Mutation	Missense	466
G466E	Missense_Mutation	Missense	466
G466E	Missense_Mutation	Missense	466
G466E	Missense_Mutation	Missense	466
G466E	Missense_Mutation	Missense	466
G466E	Missense_Mutation	Missense	466
G466E	Missense_Mutation	Missense	466
G466V	Missense_Mutation	Missense	466
G466V	Missense_Mutation	Missense	466
G466V	Missense_Mutation	Missense	466
G466V	Missense_Mutation	Missense	466
G466V	Missense_Mutation	Missense	466
G466V	Missense_Mutation	Missense	466
G466A	Missense_Mutation	Missense	466
G466A	Missense_Mutation	Missense	466
S467L	Missense_Mutation	Missense	467
G469R	Missense_Mutation	Missense	469
G469R	Missense_Mutation	Missense	469
G469R	Missense_Mutation	Missense	469
G469R	Missense_Mutation	Missense	469
G469R	Missense_Mutation	Missense	469
G469V	Missense_Mutation	Missense	469
G469V	Missense_Mutation	Missense	469
G469V	Missense_Mutation	Missense	469
G469V	Missense_Mutation	Missense	469
G469V	Missense_Mutation	Missense	469
G469A	Missense_Mutation	Missense	469
G469A	Missense_Mutation	Missense	469
G469A	Missense_Mutation	Missense	469
G469A	Missense_Mutation	Missense	469
G469A	Missense_Mutation	Missense	469
G469A	Missense_Mutation	Missense	469
G469A	Missense_Mutation	Missense	469
G469A	Missense_Mutation	Missense	469
G469A	Missense_Mutation	Missense	469
G469A	Missense_Mutation	Missense	469
G469A	Missense_Mutation	Missense	469
G469A	Missense_Mutation	Missense	469
G469A	Missense_Mutation	Missense	469
G469A	Missense_Mutation	Missense	469
G469A	Missense_Mutation	Missense	469
G469A	Missense_Mutation	Missense	469
G469A	Missense_Mutation	Missense	469
G469A	Missense_Mutation	Missense	469
G469A	Missense_Mutation	Missense	469
G469A	Missense_Mutation	Missense	469
G469A	Missense_Mutation	Missense	469
G469A	Missense_Mutation	Missense	469
G469A	Missense_Mutation	Missense	469
G469A	Missense_Mutation	Missense	469
G469S	Missense_Mutation	Missense	469
G469E	Missense_Mutation	Missense	469
G469E	Missense_Mutation	Missense	469
G469E	Missense_Mutation	Missense	469
Y472S	Missense_Mutation	Missense	472
W476*	Nonsense_Mutation	Truncating	476
K483E	Missense_Mutation	Missense	483
L485W	Missense_Mutation	Missense	485
L485W	Missense_Mutation	Missense	485
L485W	Missense_Mutation	Missense	485
N486_A489delinsK	In_Frame_Del	Inframe	488
N486_P490del	In_Frame_Del	Inframe	488
N486_P490del	In_Frame_Del	Inframe	488
P492T	Missense_Mutation	Missense	492
K499E	Missense_Mutation	Missense	499
E501K	Missense_Mutation	Missense	501
L505H	Missense_Mutation	Missense	505
L505H	Missense_Mutation	Missense	505
R509Q	Missense_Mutation	Missense	509
G518A	Missense_Mutation	Missense	518
L525P	Missense_Mutation	Missense	525
W531S	Missense_Mutation	Missense	531
H539Y	Missense_Mutation	Missense	539
H539Y	Missense_Mutation	Missense	539
H539Y	Missense_Mutation	Missense	539
E549Q	Missense_Mutation	Missense	549
L553R	Missense_Mutation	Missense	553
I554T	Missense_Mutation	Missense	554
R558Q	Missense_Mutation	Missense	558
R558Q	Missense_Mutation	Missense	558
I572F	Missense_Mutation	Missense	572
I572F	Missense_Mutation	Missense	572
H574Y	Missense_Mutation	Missense	574
L577I	Missense_Mutation	Missense	577
N581I	Missense_Mutation	Missense	581
N581I	Missense_Mutation	Missense	581
N581Y	Missense_Mutation	Missense	581
N581S	Missense_Mutation	Missense	581
N581S	Missense_Mutation	Missense	581
N581S	Missense_Mutation	Missense	581
N581S	Missense_Mutation	Missense	581
N581S	Missense_Mutation	Missense	581
N581S	Missense_Mutation	Missense	581
X581_splice	Splice_Site	Truncating	581
X581_splice	Splice_Site	Truncating	581
N581D	Missense_Mutation	Missense	581
F583C	Missense_Mutation	Missense	583
L584F	Missense_Mutation	Missense	584
E586K	Missense_Mutation	Missense	586
D594N	Missense_Mutation	Missense	594
D594N	Missense_Mutation	Missense	594
D594N	Missense_Mutation	Missense	594
D594N	Missense_Mutation	Missense	594
D594N	Missense_Mutation	Missense	594
D594N	Missense_Mutation	Missense	594
D594N	Missense_Mutation	Missense	594
D594N	Missense_Mutation	Missense	594
D594N	Missense_Mutation	Missense	594
D594N	Missense_Mutation	Missense	594
D594N	Missense_Mutation	Missense	594
D594N	Missense_Mutation	Missense	594
D594N	Missense_Mutation	Missense	594
D594N	Missense_Mutation	Missense	594
D594N	Missense_Mutation	Missense	594
D594N	Missense_Mutation	Missense	594
D594N	Missense_Mutation	Missense	594
D594G	Missense_Mutation	Missense	594
D594G	Missense_Mutation	Missense	594
D594G	Missense_Mutation	Missense	594
D594G	Missense_Mutation	Missense	594
D594G	Missense_Mutation	Missense	594
D594G	Missense_Mutation	Missense	594
D594G	Missense_Mutation	Missense	594
D594G	Missense_Mutation	Missense	594
D594G	Missense_Mutation	Missense	594
D594G	Missense_Mutation	Missense	594
D594G	Missense_Mutation	Missense	594
D594G	Missense_Mutation	Missense	594
D594G	Missense_Mutation	Missense	594
D594G	Missense_Mutation	Missense	594
D594V	Missense_Mutation	Missense	594
D594V	Missense_Mutation	Missense	594
D594Y	Missense_Mutation	Missense	594
D594E	Missense_Mutation	Missense	594
F595I	Missense_Mutation	Missense	595
F595L	Missense_Mutation	Missense	595
I592_A598dup	In_Frame_Ins	Inframe	595
G596R	Missense_Mutation	Missense	596
G596R	Missense_Mutation	Missense	596
G596C	Missense_Mutation	Missense	596
L597S	Missense_Mutation	Missense	597
L597R	Missense_Mutation	Missense	597
L597R	Missense_Mutation	Missense	597
L597V	Missense_Mutation	Missense	597
L597V	Missense_Mutation	Missense	597
L597Q	Missense_Mutation	Missense	597
T599dup	In_Frame_Ins	Inframe	599
T599dup	In_Frame_Ins	Inframe	599
T599dup	In_Frame_Ins	Inframe	599
T599dup	In_Frame_Ins	Inframe	599
T599I	Missense_Mutation	Missense	599
V600E	Missense_Mutation	Missense	600
V600E	Missense_Mutation	Missense	600
V600E	Missense_Mutation	Missense	600
V600E	Missense_Mutation	Missense	600
V600E	Missense_Mutation	Missense	600
V600E	Missense_Mutation	Missense	600
V600E	Missense_Mutation	Missense	600
V600E	Missense_Mutation	Missense	600
V600E	Missense_Mutation	Missense	600
V600E	Missense_Mutation	Missense	600
V600E	Missense_Mutation	Missense	600
V600E	Missense_Mutation	Missense	600
V600E	Missense_Mutation	Missense	600
V600E	Missense_Mutation	Missense	600
V600E	Missense_Mutation	Missense	600
V600E	Missense_Mutation	Missense	600
V600E	Missense_Mutation	Missense	600
V600E	Missense_Mutation	Missense	600
V600E	Missense_Mutation	Missense	600
V600E	Missense_Mutation	Missense	600
V600E	Missense_Mutation	Missense	600
V600E	Missense_Mutation	Missense	600
V600E	Missense_Mutation	Missense	600
V600E	Missense_Mutation	Missense	600
V600E	Missense_Mutation	Missense	600
V600E	Missense_Mutation	Missense	600
V600E	Missense_Mutation	Missense	600
V600E	Missense_Mutation	Missense	600
V600E	Missense_Mutation	Missense	600
V600E	Missense_Mutation	Missense	600
V600E	Missense_Mutation	Missense	600
V600E	Missense_Mutation	Missense	600
V600E	Missense_Mutation	Missense	600
V600E	Missense_Mutation	Missense	600
V600E	Missense_Mutation	Missense	600
V600E	Missense_Mutation	Missense	600
V600E	Missense_Mutation	Missense	600
V600E	Missense_Mutation	Missense	600
V600E	Missense_Mutation	Missense	600
V600E	Missense_Mutation	Missense	600
V600E	Missense_Mutation	Missense	600
V600E	Missense_Mutation	Missense	600
V600E	Missense_Mutation	Missense	600
V600E	Missense_Mutation	Missense	600
V600E	Missense_Mutation	Missense	600
V600E	Missense_Mutation	Missense	600
V600E	Missense_Mutation	Missense	600
V600E	Missense_Mutation	Missense	600
V600E	Missense_Mutation	Missense	600
V600E	Missense_Mutation	Missense	600
V600E	Missense_Mutation	Missense	600
V600E	Missense_Mutation	Missense	600
V600E	Missense_Mutation	Missense	600
V600E	Missense_Mutation	Missense	600
V600E	Missense_Mutation	Missense	600
V600E	Missense_Mutation	Missense	600
V600E	Missense_Mutation	Missense	600
V600E	Missense_Mutation	Missense	600
V600E	Missense_Mutation	Missense	600
V600E	Missense_Mutation	Missense	600
V600E	Missense_Mutation	Missense	600
V600E	Missense_Mutation	Missense	600
V600E	Missense_Mutation	Missense	600
V600E	Missense_Mutation	Missense	600
V600E	Missense_Mutation	Missense	600
V600E	Missense_Mutation	Missense	600
V600E	Missense_Mutation	Missense	600
V600E	Missense_Mutation	Missense	600
V600E	Missense_Mutation	Missense	600
V600E	Missense_Mutation	Missense	600
V600E	Missense_Mutation	Missense	600
V600E	Missense_Mutation	Missense	600
V600E	Missense_Mutation	Missense	600
V600E	Missense_Mutation	Missense	600
V600E	Missense_Mutation	Missense	600
V600E	Missense_Mutation	Missense	600
V600E	Missense_Mutation	Missense	600
V600E	Missense_Mutation	Missense	600
V600E	Missense_Mutation	Missense	600
V600E	Missense_Mutation	Missense	600
V600E	Missense_Mutation	Missense	600
V600E	Missense_Mutation	Missense	600
V600E	Missense_Mutation	Missense	600
V600E	Missense_Mutation	Missense	600
V600E	Missense_Mutation	Missense	600
V600E	Missense_Mutation	Missense	600
V600E	Missense_Mutation	Missense	600
V600E	Missense_Mutation	Missense	600
V600E	Missense_Mutation	Missense	600
V600E	Missense_Mutation	Missense	600
V600E	Missense_Mutation	Missense	600
V600E	Missense_Mutation	Missense	600
V600E	Missense_Mutation	Missense	600
V600E	Missense_Mutation	Missense	600
V600E	Missense_Mutation	Missense	600
V600E	Missense_Mutation	Missense	600
V600E	Missense_Mutation	Missense	600
V600E	Missense_Mutation	Missense	600
V600E	Missense_Mutation	Missense	600
V600E	Missense_Mutation	Missense	600
V600E	Missense_Mutation	Missense	600
V600E	Missense_Mutation	Missense	600
V600E	Missense_Mutation	Missense	600
V600E	Missense_Mutation	Missense	600
V600E	Missense_Mutation	Missense	600
V600E	Missense_Mutation	Missense	600
V600E	Missense_Mutation	Missense	600
V600E	Missense_Mutation	Missense	600
V600E	Missense_Mutation	Missense	600
V600E	Missense_Mutation	Missense	600
V600E	Missense_Mutation	Missense	600
V600E	Missense_Mutation	Missense	600
V600E	Missense_Mutation	Missense	600
V600E	Missense_Mutation	Missense	600
V600E	Missense_Mutation	Missense	600
V600E	Missense_Mutation	Missense	600
V600E	Missense_Mutation	Missense	600
V600E	Missense_Mutation	Missense	600
V600E	Missense_Mutation	Missense	600
V600E	Missense_Mutation	Missense	600
V600E	Missense_Mutation	Missense	600
V600E	Missense_Mutation	Missense	600
V600E	Missense_Mutation	Missense	600
V600E	Missense_Mutation	Missense	600
V600E	Missense_Mutation	Missense	600
V600E	Missense_Mutation	Missense	600
V600E	Missense_Mutation	Missense	600
V600E	Missense_Mutation	Missense	600
V600E	Missense_Mutation	Missense	600
V600E	Missense_Mutation	Missense	600
V600E	Missense_Mutation	Missense	600
V600E	Missense_Mutation	Missense	600
V600E	Missense_Mutation	Missense	600
V600E	Missense_Mutation	Missense	600
V600E	Missense_Mutation	Missense	600
V600E	Missense_Mutation	Missense	600
V600E	Missense_Mutation	Missense	600
V600E	Missense_Mutation	Missense	600
V600E	Missense_Mutation	Missense	600
V600E	Missense_Mutation	Missense	600
V600E	Missense_Mutation	Missense	600
V600E	Missense_Mutation	Missense	600
V600E	Missense_Mutation	Missense	600
V600E	Missense_Mutation	Missense	600
V600E	Missense_Mutation	Missense	600
V600E	Missense_Mutation	Missense	600
V600E	Missense_Mutation	Missense	600
V600E	Missense_Mutation	Missense	600
V600E	Missense_Mutation	Missense	600
V600E	Missense_Mutation	Missense	600
V600E	Missense_Mutation	Missense	600
V600E	Missense_Mutation	Missense	600
V600E	Missense_Mutation	Missense	600
V600E	Missense_Mutation	Missense	600
V600E	Missense_Mutation	Missense	600
V600E	Missense_Mutation	Missense	600
V600E	Missense_Mutation	Missense	600
V600E	Missense_Mutation	Missense	600
V600E	Missense_Mutation	Missense	600
V600E	Missense_Mutation	Missense	600
V600E	Missense_Mutation	Missense	600
V600E	Missense_Mutation	Missense	600
V600E	Missense_Mutation	Missense	600
V600E	Missense_Mutation	Missense	600
V600E	Missense_Mutation	Missense	600
V600E	Missense_Mutation	Missense	600
V600E	Missense_Mutation	Missense	600
V600E	Missense_Mutation	Missense	600
V600E	Missense_Mutation	Missense	600
V600E	Missense_Mutation	Missense	600
V600E	Missense_Mutation	Missense	600
V600E	Missense_Mutation	Missense	600
V600E	Missense_Mutation	Missense	600
V600E	Missense_Mutation	Missense	600
V600E	Missense_Mutation	Missense	600
V600E	Missense_Mutation	Missense	600
V600E	Missense_Mutation	Missense	600
V600E	Missense_Mutation	Missense	600
V600E	Missense_Mutation	Missense	600
V600E	Missense_Mutation	Missense	600
V600E	Missense_Mutation	Missense	600
V600E	Missense_Mutation	Missense	600
V600E	Missense_Mutation	Missense	600
V600E	Missense_Mutation	Missense	600
V600E	Missense_Mutation	Missense	600
V600E	Missense_Mutation	Missense	600
V600E	Missense_Mutation	Missense	600
V600E	Missense_Mutation	Missense	600
V600E	Missense_Mutation	Missense	600
V600E	Missense_Mutation	Missense	600
V600E	Missense_Mutation	Missense	600
V600E	Missense_Mutation	Missense	600
V600E	Missense_Mutation	Missense	600
V600E	Missense_Mutation	Missense	600
V600E	Missense_Mutation	Missense	600
V600E	Missense_Mutation	Missense	600
V600E	Missense_Mutation	Missense	600
V600E	Missense_Mutation	Missense	600
V600E	Missense_Mutation	Missense	600
V600E	Missense_Mutation	Missense	600
V600E	Missense_Mutation	Missense	600
V600E	Missense_Mutation	Missense	600
V600E	Missense_Mutation	Missense	600
V600E	Missense_Mutation	Missense	600
V600E	Missense_Mutation	Missense	600
V600E	Missense_Mutation	Missense	600
V600E	Missense_Mutation	Missense	600
V600E	Missense_Mutation	Missense	600
V600E	Missense_Mutation	Missense	600
V600E	Missense_Mutation	Missense	600
V600E	Missense_Mutation	Missense	600
V600E	Missense_Mutation	Missense	600
V600E	Missense_Mutation	Missense	600
V600E	Missense_Mutation	Missense	600
V600E	Missense_Mutation	Missense	600
V600E	Missense_Mutation	Missense	600
V600E	Missense_Mutation	Missense	600
V600E	Missense_Mutation	Missense	600
V600E	Missense_Mutation	Missense	600
V600E	Missense_Mutation	Missense	600
V600E	Missense_Mutation	Missense	600
V600E	Missense_Mutation	Missense	600
V600E	Missense_Mutation	Missense	600
V600E	Missense_Mutation	Missense	600
V600E	Missense_Mutation	Missense	600
V600E	Missense_Mutation	Missense	600
V600E	Missense_Mutation	Missense	600
V600E	Missense_Mutation	Missense	600
V600E	Missense_Mutation	Missense	600
V600E	Missense_Mutation	Missense	600
V600E	Missense_Mutation	Missense	600
V600E	Missense_Mutation	Missense	600
V600E	Missense_Mutation	Missense	600
V600E	Missense_Mutation	Missense	600
V600E	Missense_Mutation	Missense	600
V600E	Missense_Mutation	Missense	600
V600E	Missense_Mutation	Missense	600
V600E	Missense_Mutation	Missense	600
V600E	Missense_Mutation	Missense	600
V600E	Missense_Mutation	Missense	600
V600E	Missense_Mutation	Missense	600
V600E	Missense_Mutation	Missense	600
V600E	Missense_Mutation	Missense	600
V600E	Missense_Mutation	Missense	600
V600E	Missense_Mutation	Missense	600
V600E	Missense_Mutation	Missense	600
V600E	Missense_Mutation	Missense	600
V600E	Missense_Mutation	Missense	600
V600E	Missense_Mutation	Missense	600
V600E	Missense_Mutation	Missense	600
V600E	Missense_Mutation	Missense	600
V600E	Missense_Mutation	Missense	600
V600E	Missense_Mutation	Missense	600
V600E	Missense_Mutation	Missense	600
V600E	Missense_Mutation	Missense	600
V600E	Missense_Mutation	Missense	600
V600E	Missense_Mutation	Missense	600
V600E	Missense_Mutation	Missense	600
V600E	Missense_Mutation	Missense	600
V600E	Missense_Mutation	Missense	600
V600E	Missense_Mutation	Missense	600
V600E	Missense_Mutation	Missense	600
V600E	Missense_Mutation	Missense	600
V600E	Missense_Mutation	Missense	600
V600E	Missense_Mutation	Missense	600
V600E	Missense_Mutation	Missense	600
V600E	Missense_Mutation	Missense	600
V600E	Missense_Mutation	Missense	600
V600E	Missense_Mutation	Missense	600
V600E	Missense_Mutation	Missense	600
V600E	Missense_Mutation	Missense	600
V600E	Missense_Mutation	Missense	600
V600E	Missense_Mutation	Missense	600
V600E	Missense_Mutation	Missense	600
V600E	Missense_Mutation	Missense	600
V600E	Missense_Mutation	Missense	600
V600E	Missense_Mutation	Missense	600
V600E	Missense_Mutation	Missense	600
V600E	Missense_Mutation	Missense	600
V600E	Missense_Mutation	Missense	600
V600E	Missense_Mutation	Missense	600
V600E	Missense_Mutation	Missense	600
V600E	Missense_Mutation	Missense	600
V600E	Missense_Mutation	Missense	600
V600E	Missense_Mutation	Missense	600
V600E	Missense_Mutation	Missense	600
V600E	Missense_Mutation	Missense	600
V600E	Missense_Mutation	Missense	600
V600E	Missense_Mutation	Missense	600
V600E	Missense_Mutation	Missense	600
V600E	Missense_Mutation	Missense	600
V600E	Missense_Mutation	Missense	600
V600E	Missense_Mutation	Missense	600
V600E	Missense_Mutation	Missense	600
V600E	Missense_Mutation	Missense	600
V600R	Missense_Mutation	Missense	600
V600R	Missense_Mutation	Missense	600
V600R	Missense_Mutation	Missense	600
V600_K601delinsE	In_Frame_Del	Inframe	600
V600K	Missense_Mutation	Missense	600
V600K	Missense_Mutation	Missense	600
V600K	Missense_Mutation	Missense	600
V600K	Missense_Mutation	Missense	600
V600K	Missense_Mutation	Missense	600
V600K	Missense_Mutation	Missense	600
V600K	Missense_Mutation	Missense	600
V600K	Missense_Mutation	Missense	600
V600K	Missense_Mutation	Missense	600
V600K	Missense_Mutation	Missense	600
V600K	Missense_Mutation	Missense	600
V600K	Missense_Mutation	Missense	600
V600K	Missense_Mutation	Missense	600
V600K	Missense_Mutation	Missense	600
K601E	Missense_Mutation	Missense	601
K601E	Missense_Mutation	Missense	601
K601E	Missense_Mutation	Missense	601
K601E	Missense_Mutation	Missense	601
K601E	Missense_Mutation	Missense	601
K601E	Missense_Mutation	Missense	601
K601E	Missense_Mutation	Missense	601
K601E	Missense_Mutation	Missense	601
K601E	Missense_Mutation	Missense	601
K601E	Missense_Mutation	Missense	601
K601E	Missense_Mutation	Missense	601
K601E	Missense_Mutation	Missense	601
K601E	Missense_Mutation	Missense	601
K601E	Missense_Mutation	Missense	601
K601E	Missense_Mutation	Missense	601
K601E	Missense_Mutation	Missense	601
K601E	Missense_Mutation	Missense	601
K601E	Missense_Mutation	Missense	601
K601E	Missense_Mutation	Missense	601
K601N	Missense_Mutation	Missense	601
K601N	Missense_Mutation	Missense	601
S602Y	Missense_Mutation	Missense	602
K601_S602delinsNT	Missense_Mutation	Missense	602
R603Q	Missense_Mutation	Missense	603
W604G	Missense_Mutation	Missense	604
W604L	Missense_Mutation	Missense	604
G606W	Missense_Mutation	Missense	606
Q612R	Missense_Mutation	Missense	612
S614P	Missense_Mutation	Missense	614
M620I	Missense_Mutation	Missense	620
Y633C	Missense_Mutation	Missense	633
R671Q	Missense_Mutation	Missense	671
L674Q	Missense_Mutation	Missense	674
R682W	Missense_Mutation	Missense	682
R682W	Missense_Mutation	Missense	682
R704Tfs*11	Frame_Shift_Del	Truncating	704
P708S	Missense_Mutation	Missense	708
X709_splice	Splice_Site	Truncating	709
E715K	Missense_Mutation	Missense	715
H725Y	Missense_Mutation	Missense	725
H725Q	Missense_Mutation	Missense	725
S727T	Missense_Mutation	Missense	727
A762V	Missense_Mutation	Missense	762
A762V	Missense_Mutation	Missense	762
