Hugo_Symbol	Protein_Change	Sample_ID	Mutation_Type	Chromosome	Start_Position	End_Position	Reference_Allele	Variant_Allele
BRAF	G464R	P-0009483-T01-IM5	Missense_Mutation	7	140481418	140481418	C	T
BRAF	G469R	P-0005109-T01-IM5	Missense_Mutation	7	140481403	140481403	C	T
BRAF	G469R	P-0007918-T01-IM5	Missense_Mutation	7	140481403	140481403	C	T
BRAF	G469R	P-0008490-T01-IM5	Missense_Mutation	7	140481403	140481403	C	T
BRAF	G469R	P-0008490-T02-IM5	Missense_Mutation	7	140481403	140481403	C	T
BRAF	G469R	P-0010992-T01-IM5	Missense_Mutation	7	140481403	140481403	C	T
BRAF	G466E	P-0001756-T01-IM3	Missense_Mutation	7	140481411	140481411	C	T
BRAF	G466E	P-0005216-T01-IM5	Missense_Mutation	7	140481411	140481411	C	T
BRAF	G466E	P-0006368-T01-IM5	Missense_Mutation	7	140481411	140481411	C	T
BRAF	G466E	P-0009649-T01-IM5	Missense_Mutation	7	140481411	140481411	C	T
BRAF	G466E	P-0010100-T01-IM5	Missense_Mutation	7	140481411	140481411	C	T
BRAF	G466E	P-0010558-T01-IM5	Missense_Mutation	7	140481411	140481411	C	T
BRAF	G466E	P-0010803-T01-IM5	Missense_Mutation	7	140481411	140481411	C	T
BRAF	D594N	P-0000427-T01-IM3	Missense_Mutation	7	140453155	140453155	C	T
BRAF	D594N	P-0000535-T01-IM3	Missense_Mutation	7	140453155	140453155	C	T
BRAF	D594N	P-0000784-T01-IM3	Missense_Mutation	7	140453155	140453155	C	T
BRAF	D594N	P-0000867-T01-IM3	Missense_Mutation	7	140453155	140453155	C	T
BRAF	D594N	P-0002165-T01-IM3	Missense_Mutation	7	140453155	140453155	C	T
BRAF	D594N	P-0002507-T01-IM3	Missense_Mutation	7	140453155	140453155	C	T
BRAF	D594N	P-0003728-T01-IM5	Missense_Mutation	7	140453155	140453155	C	T
BRAF	D594N	P-0003824-T01-IM5	Missense_Mutation	7	140453155	140453155	C	T
BRAF	D594N	P-0004755-T01-IM5	Missense_Mutation	7	140453155	140453155	C	T
BRAF	D594N	P-0005366-T01-IM5	Missense_Mutation	7	140453155	140453155	C	T
BRAF	D594N	P-0005858-T01-IM5	Missense_Mutation	7	140453155	140453155	C	T
BRAF	D594N	P-0007095-T01-IM5	Missense_Mutation	7	140453155	140453155	C	T
BRAF	D594N	P-0007144-T01-IM5	Missense_Mutation	7	140453155	140453155	C	T
BRAF	D594N	P-0008974-T01-IM5	Missense_Mutation	7	140453155	140453155	C	T
BRAF	D594N	P-0009617-T01-IM5	Missense_Mutation	7	140453155	140453155	C	T
BRAF	D594N	P-0009622-T01-IM5	Missense_Mutation	7	140453155	140453155	C	T
BRAF	D594N	P-0010605-T01-IM5	Missense_Mutation	7	140453155	140453155	C	T
BRAF	V600E	P-0000240-T01-IM3	Missense_Mutation	7	140453136	140453136	A	T
BRAF	V600E	P-0000320-T02-IM3	Missense_Mutation	7	140453136	140453136	A	T
BRAF	V600E	P-0000320-T01-IM3	Missense_Mutation	7	140453136	140453136	A	T
BRAF	V600E	P-0000333-T01-IM3	Missense_Mutation	7	140453136	140453136	A	T
BRAF	V600E	P-0000354-T01-IM3	Missense_Mutation	7	140453136	140453136	A	T
BRAF	V600E	P-0000533-T01-IM3	Missense_Mutation	7	140453136	140453136	A	T
BRAF	V600E	P-0000616-T01-IM3	Missense_Mutation	7	140453136	140453136	A	T
BRAF	V600E	P-0000616-T02-IM3	Missense_Mutation	7	140453136	140453136	A	T
BRAF	V600E	P-0000626-T01-IM3	Missense_Mutation	7	140453136	140453136	A	T
BRAF	V600E	P-0000714-T01-IM3	Missense_Mutation	7	140453136	140453136	A	T
BRAF	V600E	P-0000879-T01-IM3	Missense_Mutation	7	140453136	140453136	A	T
BRAF	V600E	P-0000879-T02-IM5	Missense_Mutation	7	140453136	140453136	A	T
BRAF	V600E	P-0000879-T03-IM5	Missense_Mutation	7	140453136	140453136	A	T
BRAF	V600E	P-0000898-T01-IM3	Missense_Mutation	7	140453136	140453136	A	T
BRAF	V600E	P-0000908-T01-IM3	Missense_Mutation	7	140453136	140453136	A	T
BRAF	V600E	P-0000922-T01-IM3	Missense_Mutation	7	140453136	140453136	A	T
BRAF	V600E	P-0000958-T01-IM3	Missense_Mutation	7	140453136	140453136	A	T
BRAF	V600E	P-0000976-T01-IM3	Missense_Mutation	7	140453136	140453136	A	T
BRAF	V600E	P-0000997-T01-IM3	Missense_Mutation	7	140453136	140453136	A	T
BRAF	V600E	P-0000997-T02-IM3	Missense_Mutation	7	140453136	140453136	A	T
BRAF	V600E	P-0001018-T01-IM3	Missense_Mutation	7	140453136	140453136	A	T
BRAF	V600E	P-0001104-T01-IM3	Missense_Mutation	7	140453136	140453136	A	T
BRAF	V600E	P-0001104-T05-IM3	Missense_Mutation	7	140453136	140453136	A	T
BRAF	V600E	P-0001104-T02-IM3	Missense_Mutation	7	140453136	140453136	A	T
BRAF	V600E	P-0001104-T03-IM3	Missense_Mutation	7	140453136	140453136	A	T
BRAF	V600E	P-0001237-T01-IM3	Missense_Mutation	7	140453136	140453136	A	T
BRAF	V600E	P-0001315-T01-IM3	Missense_Mutation	7	140453136	140453136	A	T
BRAF	V600E	P-0001315-T02-IM5	Missense_Mutation	7	140453136	140453136	A	T
BRAF	V600E	P-0001326-T01-IM3	Missense_Mutation	7	140453136	140453136	A	T
BRAF	V600E	P-0001424-T01-IM3	Missense_Mutation	7	140453136	140453136	A	T
BRAF	V600E	P-0001424-T02-IM3	Missense_Mutation	7	140453136	140453136	A	T
BRAF	V600E	P-0001432-T01-IM3	Missense_Mutation	7	140453136	140453136	A	T
BRAF	V600E	P-0001498-T02-IM3	Missense_Mutation	7	140453136	140453136	A	T
BRAF	V600E	P-0001520-T01-IM3	Missense_Mutation	7	140453136	140453136	A	T
BRAF	V600E	P-0001646-T01-IM3	Missense_Mutation	7	140453136	140453136	A	T
BRAF	V600E	P-0001649-T01-IM3	Missense_Mutation	7	140453136	140453136	A	T
BRAF	V600E	P-0001678-T01-IM3	Missense_Mutation	7	140453136	140453136	A	T
BRAF	V600E	P-0001710-T01-IM3	Missense_Mutation	7	140453136	140453136	A	T
BRAF	V600E	P-0001714-T01-IM3	Missense_Mutation	7	140453136	140453136	A	T
BRAF	V600E	P-0001734-T01-IM3	Missense_Mutation	7	140453136	140453136	A	T
BRAF	V600E	P-0001759-T01-IM3	Missense_Mutation	7	140453136	140453136	A	T
BRAF	V600E	P-0001773-T01-IM3	Missense_Mutation	7	140453136	140453136	A	T
BRAF	V600E	P-0001781-T01-IM3	Missense_Mutation	7	140453136	140453136	A	T
BRAF	V600E	P-0001866-T01-IM3	Missense_Mutation	7	140453136	140453136	A	T
BRAF	V600E	P-0002002-T01-IM3	Missense_Mutation	7	140453136	140453136	A	T
BRAF	V600E	P-0002018-T01-IM3	Missense_Mutation	7	140453136	140453136	A	T
BRAF	V600E	P-0002141-T01-IM3	Missense_Mutation	7	140453136	140453136	A	T
BRAF	V600E	P-0002150-T01-IM3	Missense_Mutation	7	140453136	140453136	A	T
BRAF	V600E	P-0002184-T01-IM3	Missense_Mutation	7	140453136	140453136	A	T
BRAF	V600E	P-0002210-T01-IM3	Missense_Mutation	7	140453136	140453136	A	T
BRAF	V600E	P-0002220-T01-IM3	Missense_Mutation	7	140453136	140453136	A	T
BRAF	V600E	P-0002221-T02-IM5	Missense_Mutation	7	140453136	140453136	A	T
BRAF	V600E	P-0002221-T01-IM3	Missense_Mutation	7	140453136	140453136	A	T
BRAF	V600E	P-0002263-T01-IM3	Missense_Mutation	7	140453136	140453136	A	T
BRAF	V600E	P-0002275-T01-IM3	Missense_Mutation	7	140453136	140453136	A	T
BRAF	V600E	P-0002327-T01-IM3	Missense_Mutation	7	140453136	140453136	A	T
BRAF	V600E	P-0002339-T01-IM3	Missense_Mutation	7	140453136	140453136	A	T
BRAF	V600E	P-0002380-T01-IM3	Missense_Mutation	7	140453136	140453136	A	T
BRAF	V600E	P-0002437-T01-IM3	Missense_Mutation	7	140453136	140453136	A	T
BRAF	V600E	P-0002455-T01-IM3	Missense_Mutation	7	140453136	140453136	A	T
BRAF	V600E	P-0002463-T01-IM3	Missense_Mutation	7	140453136	140453136	A	T
BRAF	V600E	P-0002463-T02-IM5	Missense_Mutation	7	140453136	140453136	A	T
BRAF	V600E	P-0002487-T01-IM3	Missense_Mutation	7	140453136	140453136	A	T
BRAF	V600E	P-0002528-T01-IM3	Missense_Mutation	7	140453136	140453136	A	T
BRAF	V600E	P-0002595-T01-IM3	Missense_Mutation	7	140453136	140453136	A	T
BRAF	V600E	P-0002609-T01-IM3	Missense_Mutation	7	140453136	140453136	A	T
BRAF	V600E	P-0002765-T01-IM3	Missense_Mutation	7	140453136	140453136	A	T
BRAF	V600E	P-0002838-T03-IM5	Missense_Mutation	7	140453136	140453136	A	T
BRAF	V600E	P-0002838-T02-IM5	Missense_Mutation	7	140453136	140453136	A	T
BRAF	V600E	P-0002844-T01-IM3	Missense_Mutation	7	140453136	140453136	A	T
BRAF	V600E	P-0002846-T01-IM3	Missense_Mutation	7	140453136	140453136	A	T
BRAF	V600E	P-0002910-T02-IM5	Missense_Mutation	7	140453136	140453136	A	T
BRAF	V600E	P-0002914-T01-IM3	Missense_Mutation	7	140453136	140453136	A	T
BRAF	V600E	P-0002982-T01-IM3	Missense_Mutation	7	140453136	140453136	A	T
BRAF	V600E	P-0002986-T01-IM3	Missense_Mutation	7	140453136	140453136	A	T
BRAF	V600E	P-0003046-T01-IM3	Missense_Mutation	7	140453136	140453136	A	T
BRAF	V600E	P-0003075-T01-IM5	Missense_Mutation	7	140453136	140453136	A	T
BRAF	V600E	P-0003124-T01-IM5	Missense_Mutation	7	140453136	140453136	A	T
BRAF	V600E	P-0003176-T01-IM5	Missense_Mutation	7	140453136	140453136	A	T
BRAF	V600E	P-0003255-T01-IM5	Missense_Mutation	7	140453136	140453136	A	T
BRAF	V600E	P-0003330-T01-IM5	Missense_Mutation	7	140453136	140453136	A	T
BRAF	V600E	P-0003372-T01-IM5	Missense_Mutation	7	140453136	140453136	A	T
BRAF	V600E	P-0003421-T01-IM5	Missense_Mutation	7	140453136	140453136	A	T
BRAF	V600E	P-0003465-T01-IM5	Missense_Mutation	7	140453136	140453136	A	T
BRAF	V600E	P-0003534-T01-IM5	Missense_Mutation	7	140453136	140453136	A	T
BRAF	V600E	P-0003577-T01-IM5	Missense_Mutation	7	140453136	140453136	A	T
BRAF	V600E	P-0003595-T01-IM5	Missense_Mutation	7	140453136	140453136	A	T
BRAF	V600E	P-0003609-T01-IM5	Missense_Mutation	7	140453136	140453136	A	T
BRAF	V600E	P-0003628-T01-IM5	Missense_Mutation	7	140453136	140453136	A	T
BRAF	V600E	P-0003673-T01-IM5	Missense_Mutation	7	140453136	140453136	A	T
BRAF	V600E	P-0003716-T01-IM5	Missense_Mutation	7	140453136	140453136	A	T
BRAF	V600E	P-0003742-T01-IM5	Missense_Mutation	7	140453136	140453136	A	T
BRAF	V600E	P-0003868-T01-IM5	Missense_Mutation	7	140453136	140453136	A	T
BRAF	V600E	P-0003872-T01-IM5	Missense_Mutation	7	140453136	140453136	A	T
BRAF	V600E	P-0003921-T01-IM5	Missense_Mutation	7	140453136	140453136	A	T
BRAF	V600E	P-0003966-T01-IM5	Missense_Mutation	7	140453136	140453136	A	T
BRAF	V600E	P-0004051-T01-IM5	Missense_Mutation	7	140453136	140453136	A	T
BRAF	V600E	P-0004059-T01-IM5	Missense_Mutation	7	140453136	140453136	A	T
BRAF	V600E	P-0004108-T01-IM5	Missense_Mutation	7	140453136	140453136	A	T
BRAF	V600E	P-0004140-T01-IM5	Missense_Mutation	7	140453136	140453136	A	T
BRAF	V600E	P-0004140-T02-IM5	Missense_Mutation	7	140453136	140453136	A	T
BRAF	V600E	P-0004140-T03-IM5	Missense_Mutation	7	140453136	140453136	A	T
BRAF	V600E	P-0004349-T01-IM5	Missense_Mutation	7	140453136	140453136	A	T
BRAF	V600E	P-0004364-T01-IM5	Missense_Mutation	7	140453136	140453136	A	T
BRAF	V600E	P-0004364-T02-IM5	Missense_Mutation	7	140453136	140453136	A	T
BRAF	V600E	P-0004364-T03-IM5	Missense_Mutation	7	140453136	140453136	A	T
BRAF	V600E	P-0004430-T01-IM5	Missense_Mutation	7	140453136	140453136	A	T
BRAF	V600E	P-0004438-T01-IM5	Missense_Mutation	7	140453136	140453136	A	T
BRAF	V600E	P-0004446-T01-IM5	Missense_Mutation	7	140453136	140453136	A	T
BRAF	V600E	P-0004454-T01-IM5	Missense_Mutation	7	140453136	140453136	A	T
BRAF	V600E	P-0004527-T01-IM5	Missense_Mutation	7	140453136	140453136	A	T
BRAF	V600E	P-0004633-T01-IM5	Missense_Mutation	7	140453136	140453136	A	T
BRAF	V600E	P-0004660-T01-IM5	Missense_Mutation	7	140453136	140453136	A	T
BRAF	V600E	P-0004661-T01-IM5	Missense_Mutation	7	140453136	140453136	A	T
BRAF	V600E	P-0004744-T01-IM5	Missense_Mutation	7	140453136	140453136	A	T
BRAF	V600E	P-0004792-T01-IM5	Missense_Mutation	7	140453136	140453136	A	T
BRAF	V600E	P-0004798-T01-IM5	Missense_Mutation	7	140453136	140453136	A	T
BRAF	V600E	P-0004954-T01-IM5	Missense_Mutation	7	140453136	140453136	A	T
BRAF	V600E	P-0004954-T02-IM5	Missense_Mutation	7	140453136	140453136	A	T
BRAF	V600E	P-0005003-T01-IM5	Missense_Mutation	7	140453136	140453136	A	T
BRAF	V600E	P-0005011-T01-IM5	Missense_Mutation	7	140453136	140453136	A	T
BRAF	V600E	P-0005022-T01-IM5	Missense_Mutation	7	140453136	140453136	A	T
BRAF	V600E	P-0005062-T01-IM5	Missense_Mutation	7	140453136	140453136	A	T
BRAF	V600E	P-0005222-T01-IM5	Missense_Mutation	7	140453136	140453136	A	T
BRAF	V600E	P-0005260-T01-IM5	Missense_Mutation	7	140453136	140453136	A	T
BRAF	V600E	P-0005363-T01-IM5	Missense_Mutation	7	140453136	140453136	A	T
BRAF	V600E	P-0005370-T01-IM5	Missense_Mutation	7	140453136	140453136	A	T
BRAF	V600E	P-0005487-T01-IM5	Missense_Mutation	7	140453136	140453136	A	T
BRAF	V600E	P-0005493-T01-IM5	Missense_Mutation	7	140453136	140453136	A	T
BRAF	V600E	P-0005529-T01-IM5	Missense_Mutation	7	140453136	140453136	A	T
BRAF	V600E	P-0005560-T01-IM5	Missense_Mutation	7	140453136	140453136	A	T
BRAF	V600E	P-0005583-T01-IM5	Missense_Mutation	7	140453136	140453136	A	T
BRAF	V600E	P-0005625-T02-IM5	Missense_Mutation	7	140453136	140453136	A	T
BRAF	V600E	P-0005643-T01-IM5	Missense_Mutation	7	140453136	140453136	A	T
BRAF	V600E	P-0005670-T01-IM5	Missense_Mutation	7	140453136	140453136	A	T
BRAF	V600E	P-0005672-T01-IM5	Missense_Mutation	7	140453136	140453136	A	T
BRAF	V600E	P-0005673-T01-IM5	Missense_Mutation	7	140453136	140453136	A	T
BRAF	V600E	P-0005742-T01-IM5	Missense_Mutation	7	140453136	140453136	A	T
BRAF	V600E	P-0005753-T01-IM5	Missense_Mutation	7	140453136	140453136	A	T
BRAF	V600E	P-0005769-T01-IM5	Missense_Mutation	7	140453136	140453136	A	T
BRAF	V600E	P-0005831-T01-IM5	Missense_Mutation	7	140453136	140453136	A	T
BRAF	V600E	P-0005838-T01-IM5	Missense_Mutation	7	140453136	140453136	A	T
BRAF	V600E	P-0005888-T01-IM5	Missense_Mutation	7	140453136	140453136	A	T
BRAF	V600E	P-0005897-T02-IM5	Missense_Mutation	7	140453136	140453136	A	T
BRAF	V600E	P-0005961-T01-IM5	Missense_Mutation	7	140453136	140453136	A	T
BRAF	V600E	P-0005971-T02-IM5	Missense_Mutation	7	140453136	140453136	A	T
BRAF	V600E	P-0005971-T01-IM5	Missense_Mutation	7	140453136	140453136	A	T
BRAF	V600E	P-0005996-T01-IM5	Missense_Mutation	7	140453136	140453136	A	T
BRAF	V600E	P-0006064-T01-IM5	Missense_Mutation	7	140453136	140453136	A	T
BRAF	V600E	P-0006114-T01-IM5	Missense_Mutation	7	140453136	140453136	A	T
BRAF	V600E	P-0006114-T02-IM5	Missense_Mutation	7	140453136	140453136	A	T
BRAF	V600E	P-0006152-T01-IM5	Missense_Mutation	7	140453136	140453136	A	T
BRAF	V600E	P-0006164-T01-IM5	Missense_Mutation	7	140453136	140453136	A	T
BRAF	V600E	P-0006176-T01-IM5	Missense_Mutation	7	140453136	140453136	A	T
BRAF	V600E	P-0006178-T01-IM5	Missense_Mutation	7	140453136	140453136	A	T
BRAF	V600E	P-0006193-T01-IM5	Missense_Mutation	7	140453136	140453136	A	T
BRAF	V600E	P-0006234-T01-IM5	Missense_Mutation	7	140453136	140453136	A	T
BRAF	V600E	P-0006259-T01-IM5	Missense_Mutation	7	140453136	140453136	A	T
BRAF	V600E	P-0006289-T01-IM5	Missense_Mutation	7	140453136	140453136	A	T
BRAF	V600E	P-0006324-T01-IM5	Missense_Mutation	7	140453136	140453136	A	T
BRAF	V600E	P-0006397-T01-IM5	Missense_Mutation	7	140453136	140453136	A	T
BRAF	V600E	P-0006467-T01-IM5	Missense_Mutation	7	140453136	140453136	A	T
BRAF	V600E	P-0006476-T01-IM5	Missense_Mutation	7	140453136	140453136	A	T
BRAF	V600E	P-0006488-T01-IM5	Missense_Mutation	7	140453136	140453136	A	T
BRAF	V600E	P-0006509-T01-IM5	Missense_Mutation	7	140453136	140453136	A	T
BRAF	V600E	P-0006590-T01-IM5	Missense_Mutation	7	140453136	140453136	A	T
BRAF	V600E	P-0006596-T01-IM5	Missense_Mutation	7	140453136	140453136	A	T
BRAF	V600E	P-0006616-T01-IM5	Missense_Mutation	7	140453136	140453136	A	T
BRAF	V600E	P-0006624-T01-IM5	Missense_Mutation	7	140453136	140453136	A	T
BRAF	V600E	P-0006665-T01-IM5	Missense_Mutation	7	140453136	140453136	A	T
BRAF	V600E	P-0006730-T01-IM5	Missense_Mutation	7	140453136	140453136	A	T
BRAF	V600E	P-0006731-T01-IM5	Missense_Mutation	7	140453136	140453136	A	T
BRAF	V600E	P-0006852-T01-IM5	Missense_Mutation	7	140453136	140453136	A	T
BRAF	V600E	P-0006870-T01-IM5	Missense_Mutation	7	140453136	140453136	A	T
BRAF	V600E	P-0006906-T01-IM5	Missense_Mutation	7	140453136	140453136	A	T
BRAF	V600E	P-0006922-T02-IM5	Missense_Mutation	7	140453136	140453136	A	T
BRAF	V600E	P-0006938-T01-IM5	Missense_Mutation	7	140453136	140453136	A	T
BRAF	V600E	P-0007055-T01-IM5	Missense_Mutation	7	140453136	140453136	A	T
BRAF	V600E	P-0007090-T02-IM5	Missense_Mutation	7	140453136	140453136	A	T
BRAF	V600E	P-0007142-T01-IM5	Missense_Mutation	7	140453136	140453136	A	T
BRAF	V600E	P-0007151-T01-IM5	Missense_Mutation	7	140453136	140453136	A	T
BRAF	V600E	P-0007266-T01-IM5	Missense_Mutation	7	140453136	140453136	A	T
BRAF	V600E	P-0007280-T01-IM5	Missense_Mutation	7	140453136	140453136	A	T
BRAF	V600E	P-0007291-T01-IM5	Missense_Mutation	7	140453136	140453136	A	T
BRAF	V600E	P-0007382-T01-IM5	Missense_Mutation	7	140453136	140453136	A	T
BRAF	V600E	P-0007415-T01-IM5	Missense_Mutation	7	140453136	140453136	A	T
BRAF	V600E	P-0007492-T01-IM5	Missense_Mutation	7	140453136	140453136	A	T
BRAF	V600E	P-0007589-T01-IM5	Missense_Mutation	7	140453136	140453136	A	T
BRAF	V600E	P-0007666-T01-IM5	Missense_Mutation	7	140453136	140453136	A	T
BRAF	V600E	P-0007686-T01-IM5	Missense_Mutation	7	140453136	140453136	A	T
BRAF	V600E	P-0007688-T01-IM5	Missense_Mutation	7	140453136	140453136	A	T
BRAF	V600E	P-0007698-T01-IM5	Missense_Mutation	7	140453136	140453136	A	T
BRAF	V600E	P-0007736-T01-IM5	Missense_Mutation	7	140453136	140453136	A	T
BRAF	V600E	P-0007741-T01-IM5	Missense_Mutation	7	140453136	140453136	A	T
BRAF	V600E	P-0007744-T01-IM5	Missense_Mutation	7	140453136	140453136	A	T
BRAF	V600E	P-0007804-T01-IM5	Missense_Mutation	7	140453136	140453136	A	T
BRAF	V600E	P-0007807-T01-IM5	Missense_Mutation	7	140453136	140453136	A	T
BRAF	V600E	P-0007831-T01-IM5	Missense_Mutation	7	140453136	140453136	A	T
BRAF	V600E	P-0007837-T01-IM5	Missense_Mutation	7	140453136	140453136	A	T
BRAF	V600E	P-0007913-T01-IM5	Missense_Mutation	7	140453136	140453136	A	T
BRAF	V600E	P-0007970-T01-IM5	Missense_Mutation	7	140453136	140453136	A	T
BRAF	V600E	P-0007979-T01-IM5	Missense_Mutation	7	140453136	140453136	A	T
BRAF	V600E	P-0007997-T01-IM5	Missense_Mutation	7	140453136	140453136	A	T
BRAF	V600E	P-0008028-T01-IM5	Missense_Mutation	7	140453136	140453136	A	T
BRAF	V600E	P-0008050-T01-IM5	Missense_Mutation	7	140453136	140453136	A	T
BRAF	V600E	P-0008103-T01-IM5	Missense_Mutation	7	140453136	140453136	A	T
BRAF	V600E	P-0008152-T01-IM5	Missense_Mutation	7	140453136	140453136	A	T
BRAF	V600E	P-0008163-T01-IM5	Missense_Mutation	7	140453136	140453136	A	T
BRAF	V600E	P-0008189-T01-IM5	Missense_Mutation	7	140453136	140453136	A	T
BRAF	V600E	P-0008236-T01-IM5	Missense_Mutation	7	140453136	140453136	A	T
BRAF	V600E	P-0008283-T01-IM5	Missense_Mutation	7	140453136	140453136	A	T
BRAF	V600E	P-0008303-T01-IM5	Missense_Mutation	7	140453136	140453136	A	T
BRAF	V600E	P-0008350-T02-IM5	Missense_Mutation	7	140453136	140453136	A	T
BRAF	V600E	P-0008360-T01-IM5	Missense_Mutation	7	140453136	140453136	A	T
BRAF	V600E	P-0008389-T01-IM5	Missense_Mutation	7	140453136	140453136	A	T
BRAF	V600E	P-0008467-T01-IM5	Missense_Mutation	7	140453136	140453136	A	T
BRAF	V600E	P-0008492-T02-IM5	Missense_Mutation	7	140453136	140453136	A	T
BRAF	V600E	P-0008573-T01-IM5	Missense_Mutation	7	140453136	140453136	A	T
BRAF	V600E	P-0008643-T01-IM5	Missense_Mutation	7	140453136	140453136	A	T
BRAF	V600E	P-0008672-T01-IM5	Missense_Mutation	7	140453136	140453136	A	T
BRAF	V600E	P-0008721-T01-IM5	Missense_Mutation	7	140453136	140453136	A	T
BRAF	V600E	P-0008729-T01-IM5	Missense_Mutation	7	140453136	140453136	A	T
BRAF	V600E	P-0008756-T01-IM5	Missense_Mutation	7	140453136	140453136	A	T
BRAF	V600E	P-0008963-T01-IM5	Missense_Mutation	7	140453136	140453136	A	T
BRAF	V600E	P-0009016-T01-IM5	Missense_Mutation	7	140453136	140453136	A	T
BRAF	V600E	P-0009072-T01-IM5	Missense_Mutation	7	140453136	140453136	A	T
BRAF	V600E	P-0009148-T01-IM5	Missense_Mutation	7	140453136	140453136	A	T
BRAF	V600E	P-0009170-T01-IM5	Missense_Mutation	7	140453136	140453136	A	T
BRAF	V600E	P-0009180-T01-IM5	Missense_Mutation	7	140453136	140453136	A	T
BRAF	V600E	P-0009198-T01-IM5	Missense_Mutation	7	140453136	140453136	A	T
BRAF	V600E	P-0009238-T01-IM5	Missense_Mutation	7	140453136	140453136	A	T
BRAF	V600E	P-0009292-T01-IM5	Missense_Mutation	7	140453136	140453136	A	T
BRAF	V600E	P-0009296-T01-IM5	Missense_Mutation	7	140453136	140453136	A	T
BRAF	V600E	P-0009303-T01-IM5	Missense_Mutation	7	140453136	140453136	A	T
BRAF	V600E	P-0009355-T01-IM5	Missense_Mutation	7	140453136	140453136	A	T
BRAF	V600E	P-0009412-T01-IM5	Missense_Mutation	7	140453136	140453136	A	T
BRAF	V600E	P-0009417-T01-IM5	Missense_Mutation	7	140453136	140453136	A	T
BRAF	V600E	P-0009486-T01-IM5	Missense_Mutation	7	140453136	140453136	A	T
BRAF	V600E	P-0009527-T01-IM5	Missense_Mutation	7	140453136	140453136	A	T
BRAF	V600E	P-0009538-T01-IM5	Missense_Mutation	7	140453136	140453136	A	T
BRAF	V600E	P-0009558-T01-IM5	Missense_Mutation	7	140453136	140453136	A	T
BRAF	V600E	P-0009561-T01-IM5	Missense_Mutation	7	140453136	140453136	A	T
BRAF	V600E	P-0009619-T01-IM5	Missense_Mutation	7	140453136	140453136	A	T
BRAF	V600E	P-0009658-T01-IM5	Missense_Mutation	7	140453136	140453136	A	T
BRAF	V600E	P-0009697-T01-IM5	Missense_Mutation	7	140453136	140453136	A	T
BRAF	V600E	P-0009736-T01-IM5	Missense_Mutation	7	140453136	140453136	A	T
BRAF	V600E	P-0009816-T01-IM5	Missense_Mutation	7	140453136	140453136	A	T
BRAF	V600E	P-0009863-T01-IM5	Missense_Mutation	7	140453136	140453136	A	T
BRAF	V600E	P-0009869-T01-IM5	Missense_Mutation	7	140453136	140453136	A	T
BRAF	V600E	P-0009912-T01-IM5	Missense_Mutation	7	140453136	140453136	A	T
BRAF	V600E	P-0009930-T01-IM5	Missense_Mutation	7	140453136	140453136	A	T
BRAF	V600E	P-0009964-T01-IM5	Missense_Mutation	7	140453136	140453136	A	T
BRAF	V600E	P-0009964-T02-IM5	Missense_Mutation	7	140453136	140453136	A	T
BRAF	V600E	P-0010059-T01-IM5	Missense_Mutation	7	140453136	140453136	A	T
BRAF	V600E	P-0010098-T01-IM5	Missense_Mutation	7	140453136	140453136	A	T
BRAF	V600E	P-0010108-T01-IM5	Missense_Mutation	7	140453136	140453136	A	T
BRAF	V600E	P-0010125-T01-IM5	Missense_Mutation	7	140453136	140453136	A	T
BRAF	V600E	P-0010142-T01-IM5	Missense_Mutation	7	140453136	140453136	A	T
BRAF	V600E	P-0010158-T01-IM5	Missense_Mutation	7	140453136	140453136	A	T
BRAF	V600E	P-0010162-T01-IM5	Missense_Mutation	7	140453136	140453136	A	T
BRAF	V600E	P-0010257-T01-IM5	Missense_Mutation	7	140453136	140453136	A	T
BRAF	V600E	P-0010308-T01-IM5	Missense_Mutation	7	140453136	140453136	A	T
BRAF	V600E	P-0010329-T01-IM5	Missense_Mutation	7	140453136	140453136	A	T
BRAF	V600E	P-0010386-T01-IM5	Missense_Mutation	7	140453136	140453136	A	T
BRAF	V600E	P-0010441-T01-IM5	Missense_Mutation	7	140453136	140453136	A	T
BRAF	V600E	P-0010509-T01-IM5	Missense_Mutation	7	140453136	140453136	A	T
BRAF	V600E	P-0010555-T02-IM5	Missense_Mutation	7	140453136	140453136	A	T
BRAF	V600E	P-0010578-T01-IM5	Missense_Mutation	7	140453136	140453136	A	T
BRAF	V600E	P-0010635-T01-IM5	Missense_Mutation	7	140453136	140453136	A	T
BRAF	V600E	P-0010670-T01-IM5	Missense_Mutation	7	140453136	140453136	A	T
BRAF	V600E	P-0010687-T01-IM5	Missense_Mutation	7	140453136	140453136	A	T
BRAF	V600E	P-0010710-T01-IM5	Missense_Mutation	7	140453136	140453136	A	T
BRAF	V600E	P-0010756-T01-IM5	Missense_Mutation	7	140453136	140453136	A	T
BRAF	V600E	P-0010812-T01-IM5	Missense_Mutation	7	140453136	140453136	A	T
BRAF	V600E	P-0010848-T01-IM5	Missense_Mutation	7	140453136	140453136	A	T
BRAF	V600E	P-0010929-T01-IM5	Missense_Mutation	7	140453136	140453136	A	T
BRAF	V600E	P-0010962-T01-IM5	Missense_Mutation	7	140453136	140453136	A	T
BRAF	V600E	P-0010974-T01-IM5	Missense_Mutation	7	140453136	140453136	A	T
BRAF	V600E	P-0011106-T01-IM5	Missense_Mutation	7	140453136	140453136	A	T
BRAF	V600E	P-0011215-T01-IM5	Missense_Mutation	7	140453136	140453136	A	T
BRAF	V600E	P-0011216-T01-IM5	Missense_Mutation	7	140453136	140453136	A	T
BRAF	V600E	P-0011359-T01-IM5	Missense_Mutation	7	140453136	140453136	A	T
BRAF	V600E	P-0011362-T01-IM5	Missense_Mutation	7	140453136	140453136	A	T
BRAF	V600E	P-0011431-T01-IM5	Missense_Mutation	7	140453136	140453136	A	T
BRAF	V600E	P-0011450-T01-IM5	Missense_Mutation	7	140453136	140453136	A	T
BRAF	V600E	P-0011476-T01-IM5	Missense_Mutation	7	140453136	140453136	A	T
BRAF	V600E	P-0011500-T01-IM5	Missense_Mutation	7	140453136	140453136	A	T
BRAF	V600E	P-0011545-T01-IM5	Missense_Mutation	7	140453136	140453136	A	T
BRAF	V600E	P-0011594-T01-IM5	Missense_Mutation	7	140453136	140453136	A	T
BRAF	V600E	P-0012180-T01-IM5	Missense_Mutation	7	140453136	140453136	A	T
BRAF	V600E	P-0012270-T01-IM5	Missense_Mutation	7	140453136	140453136	A	T
BRAF	V600E	P-0012313-T01-IM5	Missense_Mutation	7	140453136	140453136	A	T
BRAF	V600E	P-0012315-T01-IM5	Missense_Mutation	7	140453136	140453136	A	T
BRAF	V600E	P-0012341-T01-IM5	Missense_Mutation	7	140453136	140453136	A	T
BRAF	V600E	P-0012361-T01-IM5	Missense_Mutation	7	140453136	140453136	A	T
BRAF	G466V	P-0001150-T01-IM3	Missense_Mutation	7	140481411	140481411	C	A
BRAF	G466V	P-0001916-T01-IM3	Missense_Mutation	7	140481411	140481411	C	A
BRAF	G466V	P-0006349-T01-IM5	Missense_Mutation	7	140481411	140481411	C	A
BRAF	G466V	P-0007567-T01-IM5	Missense_Mutation	7	140481411	140481411	C	A
BRAF	G466V	P-0009313-T01-IM5	Missense_Mutation	7	140481411	140481411	C	A
BRAF	G466V	P-0010173-T01-IM5	Missense_Mutation	7	140481411	140481411	C	A
BRAF	G469V	P-0001292-T01-IM3	Missense_Mutation	7	140481402	140481402	C	A
BRAF	G469V	P-0002274-T01-IM3	Missense_Mutation	7	140481402	140481402	C	A
BRAF	G469V	P-0003038-T01-IM5	Missense_Mutation	7	140481402	140481402	C	A
BRAF	G469V	P-0005606-T01-IM5	Missense_Mutation	7	140481402	140481402	C	A
BRAF	G469V	P-0007273-T01-IM5	Missense_Mutation	7	140481402	140481402	C	A
BRAF	V600R	P-0005421-T01-IM5	Missense_Mutation	7	140453136	140453137	AC	CT
BRAF	V600R	P-0007281-T01-IM5	Missense_Mutation	7	140453136	140453137	AC	CT
BRAF	V600R	P-0012095-T01-IM5	Missense_Mutation	7	140453136	140453137	AC	CT
BRAF	V600_K601delinsE	P-0001963-T01-IM3	In_Frame_Del	7	140453134	140453136	TCA	-
BRAF	N581I	P-0003560-T01-IM5	Missense_Mutation	7	140453193	140453193	T	A
BRAF	N581I	P-0004441-T01-IM5	Missense_Mutation	7	140453193	140453193	T	A
BRAF	K601E	P-0000511-T01-IM3	Missense_Mutation	7	140453134	140453134	T	C
BRAF	K601E	P-0000646-T02-IM3	Missense_Mutation	7	140453134	140453134	T	C
BRAF	K601E	P-0000755-T01-IM3	Missense_Mutation	7	140453134	140453134	T	C
BRAF	K601E	P-0001722-T01-IM3	Missense_Mutation	7	140453134	140453134	T	C
BRAF	K601E	P-0002479-T01-IM3	Missense_Mutation	7	140453134	140453134	T	C
BRAF	K601E	P-0002499-T01-IM3	Missense_Mutation	7	140453134	140453134	T	C
BRAF	K601E	P-0002898-T02-IM5	Missense_Mutation	7	140453134	140453134	T	C
BRAF	K601E	P-0002898-T03-IM5	Missense_Mutation	7	140453134	140453134	T	C
BRAF	K601E	P-0002898-T01-IM3	Missense_Mutation	7	140453134	140453134	T	C
BRAF	K601E	P-0003757-T01-IM5	Missense_Mutation	7	140453134	140453134	T	C
BRAF	K601E	P-0003804-T01-IM5	Missense_Mutation	7	140453134	140453134	T	C
BRAF	K601E	P-0003890-T01-IM5	Missense_Mutation	7	140453134	140453134	T	C
BRAF	K601E	P-0005523-T01-IM5	Missense_Mutation	7	140453134	140453134	T	C
BRAF	K601E	P-0007643-T01-IM5	Missense_Mutation	7	140453134	140453134	T	C
BRAF	K601E	P-0009090-T01-IM5	Missense_Mutation	7	140453134	140453134	T	C
BRAF	K601E	P-0009108-T01-IM5	Missense_Mutation	7	140453134	140453134	T	C
BRAF	K601E	P-0010860-T02-IM5	Missense_Mutation	7	140453134	140453134	T	C
BRAF	K601E	P-0010860-T01-IM5	Missense_Mutation	7	140453134	140453134	T	C
BRAF	K601E	P-0011104-T01-IM5	Missense_Mutation	7	140453134	140453134	T	C
BRAF	D594G	P-0000791-T01-IM3	Missense_Mutation	7	140453154	140453154	T	C
BRAF	D594G	P-0001942-T03-IM3	Missense_Mutation	7	140453154	140453154	T	C
BRAF	D594G	P-0002054-T02-IM3	Missense_Mutation	7	140453154	140453154	T	C
BRAF	D594G	P-0002741-T01-IM3	Missense_Mutation	7	140453154	140453154	T	C
BRAF	D594G	P-0005132-T01-IM5	Missense_Mutation	7	140453154	140453154	T	C
BRAF	D594G	P-0005159-T01-IM5	Missense_Mutation	7	140453154	140453154	T	C
BRAF	D594G	P-0005697-T03-IM5	Missense_Mutation	7	140453154	140453154	T	C
BRAF	D594G	P-0005962-T01-IM5	Missense_Mutation	7	140453154	140453154	T	C
BRAF	D594G	P-0006860-T01-IM5	Missense_Mutation	7	140453154	140453154	T	C
BRAF	D594G	P-0006968-T01-IM5	Missense_Mutation	7	140453154	140453154	T	C
BRAF	D594G	P-0008579-T01-IM5	Missense_Mutation	7	140453154	140453154	T	C
BRAF	D594G	P-0009680-T01-IM5	Missense_Mutation	7	140453154	140453154	T	C
BRAF	D594G	P-0010009-T01-IM5	Missense_Mutation	7	140453154	140453154	T	C
BRAF	D594G	P-0011158-T01-IM5	Missense_Mutation	7	140453154	140453154	T	C
BRAF	V600K	P-0001841-T01-IM3	Missense_Mutation	7	140453136	140453137	AC	TT
BRAF	V600K	P-0003621-T01-IM5	Missense_Mutation	7	140453136	140453137	AC	TT
BRAF	V600K	P-0004132-T01-IM5	Missense_Mutation	7	140453136	140453137	AC	TT
BRAF	V600K	P-0005201-T01-IM5	Missense_Mutation	7	140453136	140453137	AC	TT
BRAF	V600K	P-0005733-T02-IM5	Missense_Mutation	7	140453136	140453137	AC	TT
BRAF	V600K	P-0005733-T01-IM5	Missense_Mutation	7	140453136	140453137	AC	TT
BRAF	V600K	P-0006541-T01-IM5	Missense_Mutation	7	140453136	140453137	AC	TT
BRAF	V600K	P-0006541-T02-IM5	Missense_Mutation	7	140453136	140453137	AC	TT
BRAF	V600K	P-0008445-T01-IM5	Missense_Mutation	7	140453136	140453137	AC	TT
BRAF	V600K	P-0009345-T01-IM5	Missense_Mutation	7	140453136	140453137	AC	TT
BRAF	V600K	P-0010596-T01-IM5	Missense_Mutation	7	140453136	140453137	AC	TT
BRAF	V600K	P-0011269-T01-IM5	Missense_Mutation	7	140453136	140453137	AC	TT
BRAF	V600K	P-0012282-T01-IM5	Missense_Mutation	7	140453136	140453137	AC	TT
BRAF	V600K	P-0012282-T02-IM5	Missense_Mutation	7	140453136	140453137	AC	TT
BRAF	L597S	P-0004933-T01-IM5	Missense_Mutation	7	140453145	140453146	AG	GA
BRAF	G469A	P-0000302-T01-IM3	Missense_Mutation	7	140481402	140481402	C	G
BRAF	G469A	P-0000702-T01-IM3	Missense_Mutation	7	140481402	140481402	C	G
BRAF	G469A	P-0000933-T01-IM3	Missense_Mutation	7	140481402	140481402	C	G
BRAF	G469A	P-0002332-T01-IM3	Missense_Mutation	7	140481402	140481402	C	G
BRAF	G469A	P-0002832-T01-IM3	Missense_Mutation	7	140481402	140481402	C	G
BRAF	G469A	P-0002886-T01-IM3	Missense_Mutation	7	140481402	140481402	C	G
BRAF	G469A	P-0003209-T01-IM5	Missense_Mutation	7	140481402	140481402	C	G
BRAF	G469A	P-0003785-T01-IM5	Missense_Mutation	7	140481402	140481402	C	G
BRAF	G469A	P-0004201-T01-IM5	Missense_Mutation	7	140481402	140481402	C	G
BRAF	G469A	P-0004275-T01-IM5	Missense_Mutation	7	140481402	140481402	C	G
BRAF	G469A	P-0005543-T02-IM5	Missense_Mutation	7	140481402	140481402	C	G
BRAF	G469A	P-0005609-T01-IM5	Missense_Mutation	7	140481402	140481402	C	G
BRAF	G469A	P-0005707-T01-IM5	Missense_Mutation	7	140481402	140481402	C	G
BRAF	G469A	P-0006078-T01-IM5	Missense_Mutation	7	140481402	140481402	C	G
BRAF	G469A	P-0006395-T01-IM5	Missense_Mutation	7	140481402	140481402	C	G
BRAF	G469A	P-0006683-T01-IM5	Missense_Mutation	7	140481402	140481402	C	G
BRAF	G469A	P-0007051-T01-IM5	Missense_Mutation	7	140481402	140481402	C	G
BRAF	G469A	P-0007114-T01-IM5	Missense_Mutation	7	140481402	140481402	C	G
BRAF	G469A	P-0007379-T01-IM5	Missense_Mutation	7	140481402	140481402	C	G
BRAF	G469A	P-0007578-T01-IM5	Missense_Mutation	7	140481402	140481402	C	G
BRAF	G469A	P-0007790-T01-IM5	Missense_Mutation	7	140481402	140481402	C	G
BRAF	G469A	P-0008123-T01-IM5	Missense_Mutation	7	140481402	140481402	C	G
BRAF	G469A	P-0010116-T01-IM5	Missense_Mutation	7	140481402	140481402	C	G
BRAF	G469A	P-0012001-T01-IM5	Missense_Mutation	7	140481402	140481402	C	G
BRAF	L597R	P-0008380-T02-IM5	Missense_Mutation	7	140453145	140453145	A	C
BRAF	L597R	P-0009349-T01-IM5	Missense_Mutation	7	140453145	140453145	A	C
BRAF	G596R	P-0009293-T01-IM5	Missense_Mutation	7	140453149	140453149	C	G
BRAF	G596R	P-0010025-T01-IM5	Missense_Mutation	7	140453149	140453149	C	G
BRAF	L485W	P-0004444-T01-IM5	Missense_Mutation	7	140477854	140477854	A	C
BRAF	L485W	P-0004733-T01-IM5	Missense_Mutation	7	140477854	140477854	A	C
BRAF	L485W	P-0007360-T01-IM5	Missense_Mutation	7	140477854	140477854	A	C
BRAF	G464E	P-0005565-T01-IM5	Missense_Mutation	7	140481417	140481417	C	T
BRAF	R354Q	P-0005021-T01-IM5	Missense_Mutation	7	140494187	140494187	C	T
BRAF	N581Y	P-0002140-T01-IM3	Missense_Mutation	7	140453987	140453987	T	A
BRAF	P403Lfs*8	P-0007997-T01-IM5	Frame_Shift_Del	7	140482927	140482927	G	-
BRAF	P403Lfs*8	P-0009484-T01-IM5	Frame_Shift_Del	7	140482927	140482927	G	-
BRAF	P403Lfs*8	P-0011068-T01-IM5	Frame_Shift_Del	7	140482927	140482927	G	-
BRAF	K601N	P-0002545-T01-IM3	Missense_Mutation	7	140453132	140453132	T	A
BRAF	K601N	P-0008625-T03-IM5	Missense_Mutation	7	140453132	140453132	T	A
BRAF	G464V	P-0008998-T01-IM5	Missense_Mutation	7	140481417	140481417	C	A
BRAF	G464V	P-0012201-T01-IM5	Missense_Mutation	7	140481417	140481417	C	A
BRAF	L597V	P-0004929-T01-IM5	Missense_Mutation	7	140453146	140453146	G	C
BRAF	L597V	P-0004929-T02-IM5	Missense_Mutation	7	140453146	140453146	G	C
BRAF	T599dup	P-0003278-T01-IM5	In_Frame_Ins	7	140453138	140453139	-	GTA
BRAF	T599dup	P-0007998-T02-IM5	In_Frame_Ins	7	140453138	140453139	-	GTA
BRAF	T599dup	P-0007998-T01-IM5	In_Frame_Ins	7	140453138	140453139	-	GTA
BRAF	T599dup	P-0008671-T01-IM5	In_Frame_Ins	7	140453138	140453139	-	GTA
BRAF	N581S	P-0001848-T01-IM3	Missense_Mutation	7	140453193	140453193	T	C
BRAF	N581S	P-0002495-T01-IM3	Missense_Mutation	7	140453193	140453193	T	C
BRAF	N581S	P-0003284-T01-IM5	Missense_Mutation	7	140453193	140453193	T	C
BRAF	N581S	P-0006909-T01-IM5	Missense_Mutation	7	140453193	140453193	T	C
BRAF	N581S	P-0011192-T01-IM5	Missense_Mutation	7	140453193	140453193	T	C
BRAF	N581S	P-0012308-T01-IM5	Missense_Mutation	7	140453193	140453193	T	C
BRAF	L597Q	P-0004348-T01-IM5	Missense_Mutation	7	140453145	140453145	A	T
BRAF	A762V	P-0005080-T01-IM5	Missense_Mutation	7	140434413	140434413	G	A
BRAF	A762V	P-0008684-T01-IM5	Missense_Mutation	7	140434413	140434413	G	A
BRAF	R682W	P-0002945-T01-IM3	Missense_Mutation	7	140439695	140439695	G	A
BRAF	R682W	P-0012313-T01-IM5	Missense_Mutation	7	140439695	140439695	G	A
BRAF	Q257H	P-0002669-T01-IM3	Missense_Mutation	7	140501301	140501301	C	A
BRAF	G469S	P-0010915-T01-IM5	Missense_Mutation	7	140481402	140481403	CC	GA
BRAF	G466A	P-0001163-T01-IM3	Missense_Mutation	7	140481411	140481411	C	G
BRAF	G466A	P-0009272-T01-IM5	Missense_Mutation	7	140481411	140481411	C	G
BRAF	F294L	P-0001215-T01-IM3	Missense_Mutation	7	140500260	140500260	G	T
BRAF	R271H	P-0004910-T01-IM5	Missense_Mutation	7	140501260	140501260	C	T
BRAF	L505H	P-0006541-T01-IM5	Missense_Mutation	7	140477794	140477794	A	T
BRAF	L505H	P-0006541-T02-IM5	Missense_Mutation	7	140477794	140477794	A	T
BRAF	H725Y	P-0004423-T01-IM5	Missense_Mutation	7	140434525	140434525	G	A
BRAF	G469E	P-0003069-T01-IM5	Missense_Mutation	7	140481402	140481402	C	T
BRAF	G469E	P-0004007-T01-IM3	Missense_Mutation	7	140481402	140481402	C	T
BRAF	G469E	P-0004007-T02-IM3	Missense_Mutation	7	140481402	140481402	C	T
BRAF	E501K	P-0002884-T01-IM3	Missense_Mutation	7	140477807	140477807	C	T
BRAF	D385N	P-0010915-T01-IM5	Missense_Mutation	7	140487372	140487372	C	T
BRAF	P708S	P-0000705-T01-IM3	Missense_Mutation	7	140439617	140439617	G	A
BRAF	P321L	P-0000705-T01-IM3	Missense_Mutation	7	140500180	140500180	G	A
BRAF	S467L	P-0009833-T01-IM5	Missense_Mutation	7	140481408	140481408	G	A
BRAF	P367S	P-0004348-T01-IM5	Missense_Mutation	7	140494149	140494149	G	A
BRAF	P318L	P-0010115-T01-IM5	Missense_Mutation	7	140500189	140500189	G	A
BRAF	R360*	P-0012397-T01-IM5	Nonsense_Mutation	7	140494170	140494170	G	A
BRAF	R389C	P-0010967-T01-IM5	Missense_Mutation	7	140487360	140487360	G	A
BRAF	R360Q	P-0008729-T01-IM5	Missense_Mutation	7	140494169	140494169	C	T
BRAF	T241M	P-0010116-T01-IM5	Missense_Mutation	7	140501350	140501350	G	A
BRAF	A404Cfs*9	P-0005786-T01-IM5	Frame_Shift_Ins	7	140482926	140482927	-	G
BRAF	A404Cfs*9	P-0006269-T01-IM5	Frame_Shift_Ins	7	140482926	140482927	-	G
BRAF	A404Cfs*9	P-0006365-T01-IM5	Frame_Shift_Ins	7	140482926	140482927	-	G
BRAF	A404Cfs*9	P-0007311-T01-IM5	Frame_Shift_Ins	7	140482926	140482927	-	G
BRAF	A404Cfs*9	P-0012233-T01-IM5	Frame_Shift_Ins	7	140482926	140482927	-	G
BRAF	K483E	P-0009245-T01-IM5	Missense_Mutation	7	140477861	140477861	T	C
BRAF	S151A	P-0005976-T01-IM5	Missense_Mutation	7	140534462	140534462	A	C
BRAF	N486_A489delinsK	P-0006029-T01-IM5	In_Frame_Del	7	140477842	140477850	GCTGTCACA	-
BRAF	R558Q	P-0007132-T01-IM5	Missense_Mutation	7	140476733	140476733	C	T
BRAF	R558Q	P-0007831-T01-IM5	Missense_Mutation	7	140476733	140476733	C	T
BRAF	L331F	P-0000500-T01-IM3	Missense_Mutation	7	140494257	140494257	G	A
BRAF	N486_P490del	P-0003300-T01-IM5	In_Frame_Del	7	140477837	140477851	TAGGTGCTGTCACAT	-
BRAF	N486_P490del	P-0011217-T01-IM5	In_Frame_Del	7	140477837	140477851	TAGGTGCTGTCACAT	-
BRAF	T233P	P-0005533-T01-IM5	Missense_Mutation	7	140507774	140507774	T	G
BRAF	A33T	P-0000862-T01-IM3	Missense_Mutation	7	140624407	140624407	C	T
BRAF	D594V	P-0001707-T01-IM3	Missense_Mutation	7	140453154	140453154	T	A
BRAF	D594V	P-0003183-T01-IM5	Missense_Mutation	7	140453154	140453154	T	A
BRAF	L312P	P-0005824-T01-IM5	Missense_Mutation	7	140500207	140500207	A	G
BRAF	P403L	P-0009964-T02-IM5	Missense_Mutation	7	140482927	140482927	G	A
BRAF	D594Y	P-0003523-T01-IM5	Missense_Mutation	7	140453155	140453155	C	A
BRAF	Q356K	P-0012402-T01-IM5	Missense_Mutation	7	140494182	140494182	G	T
BRAF	R354*	P-0012402-T01-IM5	Nonsense_Mutation	7	140494188	140494188	G	A
BRAF	Y633C	P-0001215-T01-IM3	Missense_Mutation	7	140449181	140449181	T	C
BRAF	I572F	P-0006046-T01-IM5	Missense_Mutation	7	140454014	140454014	T	A
BRAF	I572F	P-0006868-T01-IM5	Missense_Mutation	7	140454014	140454014	T	A
BRAF	R603Q	P-0010504-T01-IM5	Missense_Mutation	7	140453127	140453127	C	T
BRAF	P162S	P-0007882-T01-IM5	Missense_Mutation	7	140534429	140534429	G	A
BRAF	L65M	P-0008721-T01-IM5	Missense_Mutation	7	140549958	140549958	A	T
BRAF	H574Y	P-0000763-T01-IM3	Missense_Mutation	7	140454008	140454008	G	A
BRAF	Y472S	P-0003154-T01-IM5	Missense_Mutation	7	140481393	140481393	T	G
BRAF	V459L	P-0000219-T01-IM3	Missense_Mutation	7	140481433	140481433	C	A
BRAF	X237_splice	P-0007549-T01-IM5	Splice_Site	7	140507759	140507759	C	T
BRAF	R671Q	P-0006216-T01-IM5	Missense_Mutation	7	140439727	140439727	C	T
BRAF	M117L	P-0009261-T01-IM5	Missense_Mutation	7	140534564	140534564	T	A
BRAF	E549Q	P-0007491-T01-IM5	Missense_Mutation	7	140476761	140476761	C	G
BRAF	M620I	P-0007119-T01-IM5	Missense_Mutation	7	140453075	140453075	C	A
BRAF	X581_splice	P-0003666-T01-IM5	Splice_Site	7	140453193	140453200	TCTGAGGT	-
BRAF	G596C	P-0004615-T01-IM5	Missense_Mutation	7	140453149	140453149	C	A
BRAF	E586K	P-0003303-T01-IM5	Missense_Mutation	7	140453179	140453179	C	T
BRAF	G189C	P-0003324-T02-IM5	Missense_Mutation	7	140508735	140508735	C	A
BRAF	V168L	P-0001171-T01-IM3	Missense_Mutation	7	140534411	140534411	C	A
BRAF	P277Hfs*2	P-0001054-T01-IM3	Frame_Shift_Del	7	140501242	140501242	G	-
BRAF	F247L	P-0008083-T01-IM5	Missense_Mutation	7	140501331	140501331	A	T
BRAF	F583C	P-0010180-T01-IM5	Missense_Mutation	7	140453187	140453187	A	C
BRAF	S602Y	P-0011357-T01-IM5	Missense_Mutation	7	140453130	140453130	G	T
BRAF	L553R	P-0003981-T01-IM3	Missense_Mutation	7	140476748	140476748	A	C
BRAF	D594E	P-0008926-T01-IM5	Missense_Mutation	7	140453153	140453153	A	T
BRAF	BRAF-intragenic	P-0003872-T01-IM5	Fusion	NA	-1	-1	NA	NA
BRAF	BRAF-intragenic	P-0004140-T01-IM5	Fusion	NA	-1	-1	NA	NA
BRAF	BRAF-intragenic	P-0005109-T01-IM5	Fusion	NA	-1	-1	NA	NA
BRAF	BRAF-intragenic	P-0006114-T02-IM5	Fusion	NA	-1	-1	NA	NA
BRAF	BRAF-intragenic	P-0006714-T01-IM5	Fusion	NA	-1	-1	NA	NA
BRAF	BRAF-intragenic	P-0008098-T01-IM5	Fusion	NA	-1	-1	NA	NA
BRAF	BRAF-intragenic	P-0011370-T01-IM5	Fusion	NA	-1	-1	NA	NA
BRAF	BRAF-MKRN1 fusion	P-0001036-T01-IM3	Fusion	NA	-1	-1	NA	NA
BRAF	BRAF-MKRN1 fusion	P-0004373-T02-IM5	Fusion	NA	-1	-1	NA	NA
BRAF	BRAF-MKRN1 fusion	P-0009024-T01-IM5	Fusion	NA	-1	-1	NA	NA
BRAF	CUL1-BRAF fusion	P-0004795-T01-IM5	Fusion	NA	-1	-1	NA	NA
BRAF	BRAF-ZNF207 fusion	P-0008920-T01-IM5	Fusion	NA	-1	-1	NA	NA
BRAF	BRAF-SND1 fusion	P-0001687-T01-IM3	Fusion	NA	-1	-1	NA	NA
BRAF	BRAF-SND1 fusion	P-0002071-T02-IM5	Fusion	NA	-1	-1	NA	NA
BRAF	BRAF-SND1 fusion	P-0002197-T01-IM3	Fusion	NA	-1	-1	NA	NA
BRAF	BRAF-SND1 fusion	P-0004103-T01-IM5	Fusion	NA	-1	-1	NA	NA
BRAF	BRAF-SND1 fusion	P-0007533-T01-IM5	Fusion	NA	-1	-1	NA	NA
BRAF	BRAF-SND1 fusion	P-0008140-T01-IM5	Fusion	NA	-1	-1	NA	NA
BRAF	BRAF-SND1 fusion	P-0009619-T01-IM5	Fusion	NA	-1	-1	NA	NA
BRAF	BRAF-SND1 fusion	P-0012395-T01-IM5	Fusion	NA	-1	-1	NA	NA
BRAF	AGAP3-BRAF fusion	P-0007861-T01-IM5	Fusion	NA	-1	-1	NA	NA
BRAF	AGAP3-BRAF fusion	P-0009757-T01-IM5	Fusion	NA	-1	-1	NA	NA
BRAF	AGK-BRAF fusion	P-0000913-T02-IM5	Fusion	NA	-1	-1	NA	NA
BRAF	AGK-BRAF fusion	P-0004477-T01-IM5	Fusion	NA	-1	-1	NA	NA
BRAF	AGK-BRAF fusion	P-0010945-T01-IM5	Fusion	NA	-1	-1	NA	NA
BRAF	VIPR2-BRAF fusion	P-0002516-T01-IM3	Fusion	NA	-1	-1	NA	NA
BRAF	PJA2-BRAF fusion	P-0003502-T01-IM5	Fusion	NA	-1	-1	NA	NA
BRAF	Q302R	P-0000329-T01-IM3	Missense_Mutation	7	140500237	140500237	T	C
BRAF	L382F	P-0000217-T01-IM3	Missense_Mutation	7	140487379	140487379	C	G
BRAF	P367L	P-0000646-T02-IM3	Missense_Mutation	7	140494148	140494148	G	A
BRAF	R239Q	P-0000646-T02-IM3	Missense_Mutation	7	140501356	140501356	C	T
BRAF	X581_splice	P-0001035-T01-IM3	Splice_Site	7	140453986	140453986	C	T
BRAF	A33V	P-0001081-T01-IM3	Missense_Mutation	7	140624405	140624406	GG	AA
BRAF	P155Tfs*4	P-0001115-T01-IM3	Frame_Shift_Ins	7	140534450	140534451	-	T
BRAF	R252Q	P-0001703-T01-IM3	Missense_Mutation	7	140501317	140501317	C	T
BRAF	G30Pfs*21	P-0001709-T01-IM3	Frame_Shift_Del	7	140624411	140624420	GGCGCCGGCG	-
BRAF	E715K	P-0001756-T01-IM3	Missense_Mutation	7	140434555	140434555	C	T
BRAF	K183*	P-0001790-T01-IM3	Nonsense_Mutation	7	140508753	140508753	T	A
BRAF	R509Q	P-0001878-T01-IM3	Missense_Mutation	7	140476880	140476880	C	T
BRAF	P25L	P-0002078-T01-IM3	Missense_Mutation	7	140624430	140624430	G	A
BRAF	R362L	P-0002394-T01-IM3	Missense_Mutation	7	140494163	140494163	C	A
BRAF	S136P	P-0003051-T01-IM3	Missense_Mutation	7	140534507	140534507	A	G
BRAF	T121I	P-0003529-T01-IM5	Missense_Mutation	7	140534551	140534551	G	A
BRAF	P343L	P-0003560-T01-IM5	Missense_Mutation	7	140494220	140494220	G	A
BRAF	S614P	P-0004119-T01-IM5	Missense_Mutation	7	140453095	140453095	A	G
BRAF	S125F	P-0004240-T01-IM5	Missense_Mutation	7	140534539	140534539	G	A
BRAF	K601_S602delinsNT	P-0004348-T01-IM5	Missense_Mutation	7	140453131	140453132	AT	TA
BRAF	G606W	P-0004438-T01-IM5	Missense_Mutation	7	140453119	140453119	C	A
BRAF	W604G	P-0004457-T01-IM5	Missense_Mutation	7	140453125	140453125	A	C
BRAF	X238_splice	P-0004933-T01-IM5	Splice_Site	7	140501361	140501361	C	T
BRAF	T310I	P-0005228-T01-IM5	Missense_Mutation	7	140500213	140500213	G	A
BRAF	R704Tfs*11	P-0005309-T01-IM5	Frame_Shift_Del	7	140439627	140439628	TC	-
BRAF	T599I	P-0005359-T01-IM5	Missense_Mutation	7	140453139	140453139	G	A
BRAF	P345L	P-0005366-T01-IM5	Missense_Mutation	7	140494214	140494214	G	A
BRAF	H539Y	P-0005372-T01-IM5	Missense_Mutation	7	140476791	140476791	G	A
BRAF	H539Y	P-0006541-T01-IM5	Missense_Mutation	7	140476791	140476791	G	A
BRAF	H539Y	P-0006541-T02-IM5	Missense_Mutation	7	140476791	140476791	G	A
BRAF	L584F	P-0005873-T01-IM5	Missense_Mutation	7	140453185	140453185	G	A
BRAF	G8V	P-0006060-T01-IM5	Missense_Mutation	7	140624481	140624481	C	A
BRAF	Q201H	P-0006115-T01-IM5	Missense_Mutation	7	140508697	140508697	C	A
BRAF	G69S	P-0006119-T01-IM5	Missense_Mutation	7	140549946	140549946	C	T
BRAF	F595I	P-0006267-T01-IM5	Missense_Mutation	7	140453152	140453152	A	T
BRAF	Q285Tfs*3	P-0006405-T01-IM5	Frame_Shift_Ins	7	140501219	140501220	-	T
BRAF	L525P	P-0006714-T01-IM5	Missense_Mutation	7	140476832	140476832	A	G
BRAF	K205N	P-0007319-T01-IM5	Missense_Mutation	7	140507856	140507856	C	A
BRAF	L674Q	P-0007328-T01-IM5	Missense_Mutation	7	140439718	140439718	A	T
BRAF	F595L	P-0008184-T01-IM5	Missense_Mutation	7	140453150	140453150	A	C
BRAF	I554T	P-0008236-T01-IM5	Missense_Mutation	7	140476745	140476745	A	G
BRAF	S363F	P-0008246-T02-IM5	Missense_Mutation	7	140494160	140494160	G	A
BRAF	S363F	P-0010937-T01-IM5	Missense_Mutation	7	140494160	140494160	G	A
BRAF	S122Y	P-0008663-T01-IM5	Missense_Mutation	7	140534548	140534548	G	T
BRAF	N581D	P-0008733-T01-IM5	Missense_Mutation	7	140453987	140453987	T	C
BRAF	E45K	P-0009025-T01-IM5	Missense_Mutation	7	140624371	140624371	C	T
BRAF	Q612R	P-0009071-T01-IM5	Missense_Mutation	7	140453100	140453100	T	C
BRAF	K499E	P-0009086-T01-IM5	Missense_Mutation	7	140477813	140477813	T	C
BRAF	S134F	P-0008490-T02-IM5	Missense_Mutation	7	140534512	140534512	G	A
BRAF	W604L	P-0009477-T01-IM5	Missense_Mutation	7	140453124	140453124	C	A
BRAF	X709_splice	P-0009499-T01-IM5	Splice_Site	7	140439611	140439611	C	T
BRAF	G11S	P-0009825-T01-IM5	Missense_Mutation	7	140624473	140624473	C	T
BRAF	A27T	P-0009875-T01-IM5	Missense_Mutation	7	140624425	140624425	C	T
BRAF	D40Y	P-0010066-T01-IM5	Missense_Mutation	7	140624386	140624386	C	A
BRAF	S727T	P-0010601-T01-IM5	Missense_Mutation	7	140434518	140434518	C	G
BRAF	D352H	P-0010649-T01-IM5	Missense_Mutation	7	140494194	140494194	C	G
BRAF	W476*	P-0002265-T02-IM5	Nonsense_Mutation	7	140481380	140481380	C	T
BRAF	S116P	P-0010761-T01-IM5	Missense_Mutation	7	140534567	140534567	A	G
BRAF	W531S	P-0004195-T02-IM5	Missense_Mutation	7	140476814	140476814	C	G
BRAF	A27Rfs*20	P-0010856-T01-IM5	Frame_Shift_Del	7	140624404	140624425	CGGCGCCGGCGCCGGCGCCGGC	-
BRAF	D352Y	P-0010916-T01-IM5	Missense_Mutation	7	140494194	140494194	C	A
BRAF	P422A	P-0011029-T01-IM5	Missense_Mutation	7	140482871	140482871	G	C
BRAF	I592_A598dup	P-0011159-T01-IM5	In_Frame_Ins	7	140453141	140453142	-	GCTAGACCAAAATCACCTATT
BRAF	P492T	P-0002464-T02-IM5	Missense_Mutation	7	140477834	140477834	G	T
BRAF	P341T	P-0011194-T01-IM5	Missense_Mutation	7	140494227	140494227	G	T
BRAF	H725Q	P-0011457-T01-IM5	Missense_Mutation	7	140434523	140434523	G	T
BRAF	S428L	P-0011465-T01-IM5	Missense_Mutation	7	140482852	140482852	G	A
BRAF	A31T	P-0012152-T01-IM5	Missense_Mutation	7	140624413	140624413	C	T
BRAF	G518A	P-0012361-T01-IM5	Missense_Mutation	7	140476853	140476853	C	G
BRAF	N412S	P-0012373-T01-IM5	Missense_Mutation	7	140482900	140482900	T	C
BRAF	N236K	P-0012380-T01-IM5	Missense_Mutation	7	140507763	140507763	G	C
BRAF	T332I	P-0000030-T01-IM3	Missense_Mutation	7	140494253	140494253	G	A
BRAF	F109I	P-0002467-T01-IM3	Missense_Mutation	7	140534588	140534588	A	T
BRAF	L577I	P-0002832-T01-IM3	Missense_Mutation	7	140453999	140453999	G	T
BRAF	PARP12-BRAF fusion	P-0010083-T01-IM5	Fusion	NA	-1	-1	NA	NA
BRAF	MRPS33-BRAF fusion	P-0005553-T02-IM5	Fusion	NA	-1	-1	NA	NA
BRAF	GIPC2-BRAF fusion	P-0010494-T01-IM5	Fusion	NA	-1	-1	NA	NA
BRAF	OSBPL9-BRAF fusion	P-0010398-T01-IM5	Fusion	NA	-1	-1	NA	NA
BRAF	BRAF-JHDM1D fusion	P-0011111-T01-IM5	Fusion	NA	-1	-1	NA	NA
BRAF	BRAF-SCRIB fusion	P-0007392-T01-IM5	Fusion	NA	-1	-1	NA	NA
BRAF	BRAF-LUC7L2 fusion	P-0006412-T01-IM5	Fusion	NA	-1	-1	NA	NA
BRAF	BRAF-PRKAR1B fusion	P-0009694-T01-IM5	Fusion	NA	-1	-1	NA	NA
BRAF	RBM33-BRAF fusion	P-0009246-T01-IM5	Fusion	NA	-1	-1	NA	NA
BRAF	BRAF-KIAA1549 fusion	P-0003664-T01-IM5	Fusion	NA	-1	-1	NA	NA
BRAF	BRAF-KIAA1549 fusion	P-0004032-T01-IM5	Fusion	NA	-1	-1	NA	NA
BRAF	BRAF-KIAA1549 fusion	P-0005121-T02-IM5	Fusion	NA	-1	-1	NA	NA
BRAF	BRAF-KIAA1549 fusion	P-0009097-T01-IM5	Fusion	NA	-1	-1	NA	NA
BRAF	BRAF-CDK5RAP2 fusion	P-0004203-T01-IM5	Fusion	NA	-1	-1	NA	NA
BRAF	BRAF-CDK5RAP2 fusion	P-0005461-T02-IM5	Fusion	NA	-1	-1	NA	NA
BRAF	BRAF-PRKAR2B fusion	P-0008567-T01-IM5	Fusion	NA	-1	-1	NA	NA
BRAF	BRAF-PHTF2 fusion	P-0008789-T01-IM5	Fusion	NA	-1	-1	NA	NA
BRAF	FAM131B-BRAF fusion	P-0001988-T01-IM3	Fusion	NA	-1	-1	NA	NA
BRAF	BRAF-CCDC6 fusion	P-0005834-T01-IM5	Fusion	NA	-1	-1	NA	NA
BRAF	BRAF-METTL2B fusion	P-0002305-T01-IM3	Fusion	NA	-1	-1	NA	NA
BRAF	NCRNA00244-BRAF fusion	P-0004871-T01-IM5	Fusion	NA	-1	-1	NA	NA
